title,view,sales,pic_url
Orange Desire西装外套女2022年新款春季高级感炸街西服职业套装,上海,200+人付款,//g-search1.alicdn.com/img/bao/uploaded/i4/imgextra/i2/28826658/O1CN01IUJ6aA1z3PhXY9IxR_!!0-saturn_solar.jpg
小西装外套女七分袖春夏新款韩版气质修身显瘦西服上衣短款,河南 信阳,7人付款,//g-search1.alicdn.com/img/bao/uploaded/i4/imgextra/i1/25296090/O1CN01DguRzX1urGmewJknK_!!0-saturn_solar.jpg
chic咖色小西装外套女小个子2022年春装新款高级感设计感小众西服,浙江 杭州,8人付款,//g-search1.alicdn.com/img/bao/uploaded/i4/imgextra/i2/120704189/O1CN01NoW8NM1gobrGKYYUU_!!0-saturn_solar.jpg
开叉西装阔腿裤女春秋黑色直筒高腰宽松休闲裤夏季大码垂感拖地裤,浙江 杭州,6000+人付款,//g-search1.alicdn.com/img/bao/uploaded/i4/i2/2919420524/O1CN01OSXf3J1Fk2H8clVh1_!!0-item_pic.jpg
岛歌夫人法式蓝色吊带连衣裙缎面质感高级修身气质女夏设计感小众,广东 广州,3000+人付款,//g-search2.alicdn.com/img/bao/uploaded/i4/i1/44597218/O1CN01QaUUwz23BtXNv4t4M_!!44597218.jpg
范思蓝恩22FS1433垂感直筒裤女春秋高腰休闲宽松西装裤子百搭显瘦,浙江 杭州,2000+人付款,//g-search3.alicdn.com/img/bao/uploaded/i4/i2/263805063/O1CN01pEz0fJ1nGu1ouJnjj_!!263805063.jpg
妈妈春装运动服套装2022新款中年女士外套春秋中老年夏装洋气上衣,湖北 武汉,2000+人付款,//g-search3.alicdn.com/img/bao/uploaded/i4/i3/2216096858/O1CN01FaAcM420X0xbKCN2Y_!!0-item_pic.jpg
瞌睡兔复古港风西装外套女2022春秋新款休闲宽松小个子黑色jk西服,广东 广州,4000+人付款,//g-search2.alicdn.com/img/bao/uploaded/i4/i3/69297156/O1CN01wi5i2V22jUwwRguex_!!69297156.jpg
YUYUREAL黑色荷叶边连衣裙女春夏2022新款法式高级设计感小众裙子,浙江 杭州,4000+人付款,//g-search3.alicdn.com/img/bao/uploaded/i4/i3/1989901220/O1CN0163piYC1KsnwdeZE6R_!!1989901220.jpg
优衣库 <span class=H>女装</span> V领收腰连衣裙(春季上新 七分袖 法式风情) 448955,上海,3000+人付款,//g-search1.alicdn.com/img/bao/uploaded/i4/i3/196993935/O1CN01Z2UjMu1ewHGVkDunv_!!0-item_pic.jpg
优衣库 <span class=H>女装</span>印花V领收腰连衣裙(春季上新 七分袖 法式风情)448065,上海,3000+人付款,//g-search3.alicdn.com/img/bao/uploaded/i4/i2/196993935/O1CN01nZCaOa1ewHGKgTQPB_!!0-item_pic.jpg
BingDaily气质V领粉色连衣裙女2022春夏装新款韩式中长款a字裙子,浙江 杭州,4000+人付款,//g-search3.alicdn.com/img/bao/uploaded/i4/i2/285892163/O1CN01tlG7Bt1RqhQpWXE9C_!!285892163.jpg
ASM ANNA◆佩斯美术馆~花边白色衬衫上衣女设计感小众背带连衣裙,浙江 杭州,6000+人付款,//g-search2.alicdn.com/img/bao/uploaded/i4/i1/266969832/O1CN01okdXLW2MV6r8Jzvmw_!!266969832.jpg
chic黑色西装外套女2021春秋季韩版小个子短款休闲气质西服上衣新,河南 郑州,2000+人付款,//g-search3.alicdn.com/img/bao/uploaded/i4/i1/2207353248886/O1CN01JQvY9N2FVq6Vehqy4_!!0-item_pic.jpg
小西装外套2022春秋新款韩版高级设计感复古网红风宽松西服女上衣,湖北 武汉,3000+人付款,//g-search1.alicdn.com/img/bao/uploaded/i4/i2/1717806312/O1CN012vAuqw1wUwhX611Zm_!!1717806312.jpg
2022新款早春连帽外套oversize春季卫衣女春秋款拉链开衫薄款春装,山东 青岛,9000+人付款,//g-search1.alicdn.com/img/bao/uploaded/i4/i4/2210817515850/O1CN01yFjGqt1t5LjG1kJWf_!!0-item_pic.jpg
高腰牛仔裤女春秋直筒裤子春装2022年新款宽松显瘦拖地垂感阔腿裤,广东 广州,1万+人付款,//g-search2.alicdn.com/img/bao/uploaded/i4/i1/3354508682/O1CN019mG7Np2E0PFcTP76l_!!3354508682-0-lubanu-s.jpg
ASM ANNA◆春日梦露系列~v领蕾丝吊带连衣裙短款上衣设计感女小众,浙江 杭州,1万+人付款,//g-search3.alicdn.com/img/bao/uploaded/i4/i2/266969832/O1CN01vzcXjp2MV6rQURGFf_!!266969832.jpg
张贝贝ibell新款法式拼接蕾丝挪威卫衣裙女小众设计假两件连衣裙,上海,4000+人付款,//g-search2.alicdn.com/img/bao/uploaded/i4/i2/2962871762/O1CN01xbQj7l1Ot2bl4aXdR_!!2962871762.png
卫衣外套女2022新款春秋款爆款洋气2021年时尚春款流行早春小个子,浙江 宁波,8000+人付款,//g-search3.alicdn.com/img/bao/uploaded/i4/i3/2004894693/O1CN01WDHBs21kXRTdFWmaR_!!2004894693.jpg
小宜定制【理想骷畔盗小糠ㄊ搅衣裙女夏季黑色裙子小个子长袖,广东 广州,4000+人付款,//g-search1.alicdn.com/img/bao/uploaded/i4/i1/167788711/O1CN0108MGLa2EDgsFNdRO8_!!2-item_pic.png
年轻妈妈春装外套中老年休闲运动服套装女春秋中年卫衣洋气两件套,湖北 武汉,1000+人付款,//g-search2.alicdn.com/img/bao/uploaded/i4/i4/3356363640/O1CN01L6QBj61clANTVVESI_!!0-item_pic.jpg
牛仔裤女2022年春装新款秋冬高腰宽松显瘦高街九分直筒百搭烟管裤,广东 广州,9000+人付款,//g-search1.alicdn.com/img/bao/uploaded/i4/i1/2206919473449/O1CN01ICXFRW1bLgem5NYOR_!!0-item_pic.jpg
2022年新款早春季<span class=H>女装</span>小香风粗花呢子小西装短款毛呢外套上衣春秋,广东 广州,3000+人付款,//g-search3.alicdn.com/img/bao/uploaded/i4/i4/3540397352/O1CN01TZkPXZ24BGb0bP7xT_!!0-item_pic.jpg
小西装外套女春秋2022新款韩版休闲宽松高级感上衣炸街小西服早春,河南 郑州,9000+人付款,//g-search3.alicdn.com/img/bao/uploaded/i4/i2/3980633938/O1CN01BddN9s1exeRcIbSsd_!!0-item_pic.jpg
开叉微喇牛仔裤女春秋高腰显瘦春装2022年新款小个子九分喇叭裤子,广东 中山,1万+人付款,//g-search2.alicdn.com/img/bao/uploaded/i4/i1/3014941939/O1CN01AjrcEl1QC6g0dN22l_!!0-item_pic.jpg
黑色oversize小西装外套女2022春秋新款设计感小众高级感休闲西服,浙江 杭州,3000+人付款,//g-search1.alicdn.com/img/bao/uploaded/i4/i3/748799521/O1CN01QjTk642KCfg5OhIep_!!748799521.jpg
春秋2022新款垂感西装裤子女夏九分宽松休闲高级感直筒烟管裤显瘦,河南 郑州,4000+人付款,//g-search1.alicdn.com/img/bao/uploaded/i4/i4/2226642386/O1CN0153aFNe1TUpkVZf5eZ_!!0-item_pic.jpg
范智乔【水墨晕染】吊带连衣裙女春夏新中式温柔风气质碎花长裙子,浙江 杭州,5000+人付款,//g-search1.alicdn.com/img/bao/uploaded/i4/i3/1773612688/O1CN017xEk541Vj9MXAbvPb_!!1773612688.jpg
南瓜谷 白色小西装外套女早春秋季气质宽松chic西服女上衣 X0094,江苏 苏州,4000+人付款,//g-search3.alicdn.com/img/bao/uploaded/i4/i2/114419352/O1CN01DPnF2L2IxGkHGfcE8_!!114419352.jpg
黑色开叉微喇牛仔裤女春装2022年新款高腰显瘦小个子喇叭裤子春秋,广东 广州,1万+人付款,//g-search3.alicdn.com/img/bao/uploaded/i4/i2/3354508682/O1CN01GQqRNA2E0PNVpkU3J_!!0-item_pic.jpg
开叉阔腿裤女春秋2022年新款高腰垂感显瘦休闲西装拖地裤子高级感,浙江 金华,1万+人付款,//g-search1.alicdn.com/img/bao/uploaded/i4/i4/1704328704/O1CN01zU0luM2EAU5ks8XiR_!!0-item_pic.jpg
高级感卡其色西装外套女2022年春秋新款韩版宽松休闲西服上衣,浙江 杭州,1000+人付款,//g-search1.alicdn.com/img/bao/uploaded/i4/i1/669290053/O1CN01PlyRce1CGJbrSP3kO_!!669290053-0-lubanu-s.jpg
中老年运动服套装女春秋妈妈春装外套夏季休闲上衣中年洋气三件套,湖北 武汉,2000+人付款,//g-search3.alicdn.com/img/bao/uploaded/i4/i1/3004813147/O1CN012ATY8b1Z7N5e8sCgQ_!!0-item_pic.jpg
纯棉短袖T恤<span class=H>女装</span>夏季2022年新款刺绣潮牌白色情侣春秋打底衫ins潮,福建 厦门,9000+人付款,//g-search1.alicdn.com/img/bao/uploaded/i4/i3/2208215881227/O1CN01g9hsi31Kw0iTVDbpW_!!0-item_pic.jpg
拉夏贝尔小香风外套女春秋2022新款<span class=H>女装</span>法式复古圆领短款名媛上衣,江苏 苏州,400+人付款,//g-search1.alicdn.com/img/bao/uploaded/i4/i1/3541321844/O1CN01SSMGSG1PUb5aIpm3C_!!3541321844-0-picasso.jpg
夏诗文 春日奥黛丽 前后两穿醋酸混纺无袖连衣裙赫本风短袖裙子女,上海,3000+人付款,//g-search1.alicdn.com/img/bao/uploaded/i4/i4/2096872389/O1CN01zMwP0d1TWCwlOfNoi_!!2096872389.jpg
高腰牛仔裤女春秋装2022年新款垂感显瘦小个子直筒阔腿裤子女夏季,广东 中山,6000+人付款,//g-search3.alicdn.com/img/bao/uploaded/i4/i1/2253026792/O1CN01yt6Ua5202mkhcX8x9_!!0-item_pic.jpg
妈妈春秋洋气薄款小香风外套中年<span class=H>女装</span>春装高贵上衣中老年短款西装,浙江 嘉兴,1000+人付款,//g-search3.alicdn.com/img/bao/uploaded/i4/i3/1973837186/O1CN01Jwhear22xErnaGz3C_!!0-item_pic.jpg
白色高级感西装外套女2022春秋新款韩版休闲chic设计感小众小西服,浙江 杭州,1000+人付款,//g-search3.alicdn.com/img/bao/uploaded/i4/i1/2271499922/O1CN01MLniLi2NAKTvhnKpq_!!0-item_pic.jpg
小西装外套女2022年春秋新款韩版职业网红休闲西服小个子上衣外套,江苏 无锡,6000+人付款,//g-search1.alicdn.com/img/bao/uploaded/i4/i2/3428967168/O1CN01soh80e22ozf4weZrj_!!0-item_pic.jpg
2021年黑色牛仔裤女秋冬季高腰显瘦紧身小脚新款裤子加绒2022春装,广东 广州,8000+人付款,//g-search3.alicdn.com/img/bao/uploaded/i4/i1/2647730668/O1CN01g1mJD51GnzH4DfwJe_!!0-item_pic.jpg
老玛儿 2022新款韩版法式无袖露肩吊带连衣裙女夏收腰中长款裙子,浙江 杭州,5000+人付款,//g-search1.alicdn.com/img/bao/uploaded/i4/i2/2770260077/O1CN01utRpgx1CRJArhAiUl_!!2770260077.jpg
西装外套女春秋职业黑色小西服上衣大学生气质工作服韩版正装套装,广东 东莞,4000+人付款,//g-search2.alicdn.com/img/bao/uploaded/i4/i1/1803973144/O1CN01tcDb6E1Z5zxXaR3Gi_!!0-item_pic.jpg
chic咖色小西装外套女小个子2022年春装新款高级感设计感小众西服,浙江 杭州,8人付款,//g-search1.alicdn.com/img/bao/uploaded/i4/imgextra/i2/120704189/O1CN01NoW8NM1gobrGKYYUU_!!0-saturn_solar.jpg
黑色西装外套女高级设计感小众新款西服套装女2022爆款小个子上衣,广东 广州,5人付款,//g-search1.alicdn.com/img/bao/uploaded/i4/imgextra/i2/41507961/O1CN01VfU10428gBog5IBeG_!!0-saturn_solar.jpg
黑色西装外套女高级设计感小众2022春秋小个子今年流行西服女上衣,广东 广州,2人付款,//g-search1.alicdn.com/img/bao/uploaded/i4/imgextra/i2/41507961/O1CN01I0fPVE28gBobj92z3_!!0-saturn_solar.jpg
高级感咖色小西装外套女2022年春秋装新款chic小个子气质休闲西服,湖北 荆州,2000+人付款,//g-search2.alicdn.com/img/bao/uploaded/i4/i4/460180183/O1CN01ejYqpU1DDrDJ1DM4e_!!460180183.jpg
黑色小个子休闲西装外套2022早春秋季气质百搭显瘦chic西服上衣女,河南 郑州,2000+人付款,//g-search3.alicdn.com/img/bao/uploaded/i4/i3/2183680746/O1CN01zqJlTt1HNiCnb6rlF_!!0-item_pic.jpg
高腰阔腿裤女春秋2022新款胖mm大码黑色直筒宽松显瘦休闲西装裤子,广东 东莞,4000+人付款,//g-search3.alicdn.com/img/bao/uploaded/i4/i4/2201297748685/O1CN011uYHHR2E1mVYwhnf6_!!0-item_pic.jpg
INSIS FEMME灯笼袖A摆女夏季设计感显瘦廓形腰部抽褶短袖连衣裙,浙江 嘉兴,1000+人付款,//g-search1.alicdn.com/img/bao/uploaded/i4/i4/3612650942/O1CN01EZtSV21IpTpviAHKZ_!!0-item_pic.jpg
妈妈春装洋气长袖针织上衣服中年<span class=H>女装</span>春秋打底小衫中老年T恤套装,浙江 嘉兴,1000+人付款,//g-search3.alicdn.com/img/bao/uploaded/i4/i3/1973837186/O1CN016iRLTm22xEmyj2tpi_!!0-item_pic.jpg
[Good Wool]Theory <span class=H>女装</span> 套装 H0101113 & H0101234,浙江 嘉兴,300+人付款,//g-search1.alicdn.com/img/bao/uploaded/i4/i2/4060554880/O1CN01AHTzyc1lv5Xt9R0oO_!!0-item_pic.jpg
西装阔腿裤女夏白色裤子2022春秋新款高腰宽松休闲垂感拖地直筒裤,广东 佛山,2000+人付款,//g-search3.alicdn.com/img/bao/uploaded/i4/i1/2113790535/O1CN01vC9wge1Fp4d6HTqyO_!!0-item_pic.jpg
太平鸟烟管裤女2022新款夏<span class=H>女装</span>官方高腰黑色九分裤子直筒裤牛仔裤,浙江 宁波,2000+人付款,//g-search1.alicdn.com/img/bao/uploaded/i4/i4/112394247/O1CN01lPElV51hFApsBf4uZ_!!112394247.jpg
ONLY2022春夏新款层次设计肌理感礼服气质吊带连衣裙女|122207002,天津,800+人付款,//g-search3.alicdn.com/img/bao/uploaded/i4/i2/356060330/O1CN01HNf6i21EJBRgaNvV6-356060330.jpg
1P STUDIO原创设计 交叉绑带吊带裙花边抽皱收腰2022早春连衣裙女,浙江 杭州,1000+人付款,//g-search2.alicdn.com/img/bao/uploaded/i4/i4/2266923513/O1CN014GQdb41bp07prwjvl_!!0-item_pic.jpg
COS<span class=H>女装</span> 宽松版型泡泡袖圆领连衣裙粉色2022春季新品1060860001,江苏 苏州,700+人付款,//g-search1.alicdn.com/img/bao/uploaded/i4/i3/4101595991/O1CN01uOFXYV1u7vYrV71wp_!!0-item_pic.jpg
范洛2022新款蝴蝶结西装外套女春秋设计感小众气质小个子西服上衣,浙江 杭州,2000+人付款,//g-search2.alicdn.com/img/bao/uploaded/i4/i3/581894172/O1CN01gYF7ag1ggp59w8OB2_!!581894172.jpg
春季风衣女短款2022年春装新款<span class=H>女装</span>高级感早春外套小个子春秋大衣,浙江 杭州,1000+人付款,//g-search3.alicdn.com/img/bao/uploaded/i4/i2/2037248028/O1CN01xJ40tT29AsMHG5C6o_!!0-item_pic.jpg
早春款黑色法式连衣裙子<span class=H>女装</span>春装2022年新款小个子高级感爆款炸街,广东 广州,500+人付款,//g-search3.alicdn.com/img/bao/uploaded/i4/i2/3104723198/O1CN01o6O0sP1ZUjLtGTvtf_!!0-item_pic.jpg
左边<span class=H>女装</span>V领高腰长裙2022春季新款“白月光”新年战袍仙女连衣裙,上海,2000+人付款,//g-search1.alicdn.com/img/bao/uploaded/i4/i4/76245157/O1CN01OdjeYi1nxxFFlTqVg_!!76245157.jpg
优衣库聪明裤 <span class=H>女装</span> 弹力九分裤 (通勤 西装裤) 445296/439247,上海,5000+人付款,//g-search2.alicdn.com/img/bao/uploaded/i4/i1/196993935/O1CN011HhtAD1ewHGUf7s6j_!!0-item_pic.jpg
优衣库<span class=H>女装</span>宽松条纹T恤(春秋百搭 海军风长袖)442793/444516,上海,2万+人付款,//g-search1.alicdn.com/img/bao/uploaded/i4/i2/196993935/O1CN01qFLKQk1ewHGIE4g44_!!196993935.jpg
chic黑色西装外套女小个子2022春秋短款高级感韩版休闲西服上衣新,河南 郑州,6000+人付款,//g-search3.alicdn.com/img/bao/uploaded/i4/i3/2204167683085/O1CN01d7OM4E1YeybHL6RZu_!!0-item_pic.jpg
阔腿牛仔裤女小个子春装2022年新款超高腰宽松直筒拖地裤子春秋,广东 广州,7000+人付款,//g-search3.alicdn.com/img/bao/uploaded/i4/i4/3354508682/O1CN01dFZwC72E0PKWP5kTk_!!0-item_pic.jpg
休闲小西装外套女春秋2022年新款韩版宽松西服设计感小众早春上衣,河南 郑州,3000+人付款,//g-search2.alicdn.com/img/bao/uploaded/i4/i3/3599874702/O1CN01rIyiFq1kbZ0WvTxVB_!!0-item_pic.jpg
高级感黑色西装外套女2022春秋新款韩版宽松复古休闲显瘦小西服,浙江 杭州,1000+人付款,//g-search3.alicdn.com/img/bao/uploaded/i4/i4/1656329551/O1CN01XBaqXT2KQPYbgAC76_!!1656329551.jpg
梅子熟了法式温柔碎花裙荷叶V领高腰长袖连衣裙春装2022年新款女,浙江 嘉兴,3000+人付款,//g-search2.alicdn.com/img/bao/uploaded/i4/i3/50454948/O1CN01AMHzdN1mQETYABzh6_!!50454948.jpg
chic西装外套女春秋职业套装时尚休闲气质女神范职场白领通勤正装,福建 福州,1000+人付款,//g-search3.alicdn.com/img/bao/uploaded/i4/i3/3767795826/O1CN01YNyPoA1suMCxDRT8O_!!0-item_pic.jpg
高腰牛仔裤女春装2022年新款宽松显瘦夏季小个子直筒阔腿春秋裤子,山东 济南,4000+人付款,//g-search2.alicdn.com/img/bao/uploaded/i4/i2/3470831750/O1CN01pKPatM1OnXqnks0NK_!!0-item_pic.jpg
zaw大码<span class=H>女装</span>直筒宽松牛仔裤女春秋胖mm裤子显瘦老爹萝卜裤潮200斤,广东 佛山,4000+人付款,//g-search1.alicdn.com/img/bao/uploaded/i4/i1/889264750/O1CN01OiKJ461kxXxYd1f64_!!889264750.jpg
【直接拍】诗凡黎西装外套春款高级感炸街西服吊带连衣裙女,浙江 杭州,4000+人付款,//g-search2.alicdn.com/img/bao/uploaded/i4/i3/1573475524/O1CN01pjSe0q1qg2bygs8cw_!!1573475524.jpg
太平鸟抗皱垂感西装外套女2022春秋新款小个子宽松休闲西装女粉色,浙江 宁波,2000+人付款,//g-search2.alicdn.com/img/bao/uploaded/i4/i2/112394247/O1CN01bPkqZ41hFApvU57cu_!!0-item_pic.jpg
朗姿法式复古连衣裙女2022春季新款别致收腰裙子,北京,1000+人付款,//g-search1.alicdn.com/img/bao/uploaded/i4/i4/1667651824/O1CN01BgAtf71PLRAXq8mci_!!1667651824.jpg
乐町收腰连衣裙2022春夏新款芝芝萄萄温柔少女碎花甜美双层蛋糕裙,浙江 宁波,7000+人付款,//g-search2.alicdn.com/img/bao/uploaded/i4/i1/513051429/O1CN01sqGmqG1MQWiqt2FUf_!!513051429.jpg
【ESTER HSU合作系列】乐町蝴蝶结连衣裙2022春夏新款许愿精灵女,浙江 宁波,2000+人付款,//g-search3.alicdn.com/img/bao/uploaded/i4/i3/513051429/O1CN01AFcyvG1MQWizXDPcf_!!513051429.jpg
LILY2022夏新款<span class=H>女装</span>爱心印花宽松小上衣舒适纯棉圆领米色短袖T恤,上海,4000+人付款,//g-search3.alicdn.com/img/bao/uploaded/i4/i1/1031105204/O1CN01NjGNhE1oJTsBvOu55_!!1031105204.jpg
鹿向南吊带连衣裙套装2022新款春季女复古小众设计法式高级感裙子,广东 广州,4000+人付款,//g-search2.alicdn.com/img/bao/uploaded/i4/i1/2596637413/O1CN01ZpLCMR24dCm8V2snm_!!2596637413.jpg
白色西装外套女2022春秋新款韩版宽松高级设计感小众休闲西服上衣,河南 郑州,2000+人付款,//g-search1.alicdn.com/img/bao/uploaded/i4/i4/2971233105/O1CN01WCPHPc1Yo8RkKLP4f_!!0-item_pic.jpg
任小艺别致赫本风黑色碎花连衣裙女春秋2022新款v领高腰打底长裙,广东 广州,2000+人付款,//g-search1.alicdn.com/img/bao/uploaded/i4/i4/2210123890057/O1CN013vWWDT1CI9JETB4zT_!!2210123890057.jpg
风衣外套女春秋装2022年新款韩风chic卡其色中长款早春大衣小个子,浙江 杭州,3000+人付款,//g-search3.alicdn.com/img/bao/uploaded/i4/i3/647836060/O1CN01A0JVFo1udWrQC5FDI_!!647836060.jpg
2022早春新款碎花连衣裙女春秋小众设计法式复古方领蕾丝长款裙子,广东 广州,4000+人付款,//g-search3.alicdn.com/img/bao/uploaded/i4/i1/731648676/O1CN01g0nqGN2DxezN7iE8K_!!731648676.jpg
EIA一尧【俏江南】新国风假两件拼接复古连衣裙女早春vintage裙子,广东 广州,4000+人付款,//g-search3.alicdn.com/img/bao/uploaded/i4/i2/891295387/O1CN01qeOppS1pfILFTIzOh_!!891295387.jpg
范洛西装外套女春秋2022新款高级炸街设计感小众棕咖色小西服上衣,浙江 杭州,1000+人付款,//g-search3.alicdn.com/img/bao/uploaded/i4/i4/581894172/O1CN01qQpP5y1ggp3DhWyVi_!!581894172.jpg
誉芝YUZHI【哥特胡桃】辣妹风蝴蝶结蓬蓬裙挂脖抹胸性感连衣裙女,浙江 杭州,1000+人付款,//g-search2.alicdn.com/img/bao/uploaded/i4/i1/2207576651327/O1CN01LGoQIj1LfoJSJBlyY_!!2207576651327.jpg
韩国网红小西装外套女2022新款春秋韩版百搭宽松休闲西服上衣套装,浙江 杭州,2000+人付款,//g-search3.alicdn.com/img/bao/uploaded/i4/i1/2935252137/O1CN01Y3rjZi1Remx17cxoB_!!0-item_pic.jpg
白色打底衫<span class=H>女装</span>内搭2022年春装新款纯棉长袖T恤夏季短袖洋气上衣,广东 广州,1万+人付款,//g-search1.alicdn.com/img/bao/uploaded/i4/i1/3681455376/O1CN01oDa1Ku1paFuLHe1wf_!!0-item_pic.jpg
title,view,sales,pic_url
title,view,sales,pic_url
title,view,sales,pic_url
title,view,sales,pic_url
title,view,sales,pic_url
title,view,sales,pic_url
title,view,sales,pic_url
title,view,sales,pic_url
title,view,sales,pic_url
title,view,sales,pic_url
title,view,sales,pic_url
title,view,sales,pic_url
title,view,sales,pic_url
title,view,sales,pic_url
title,view,sales,pic_url
title,view,sales,pic_url
title,view,sales,pic_url
title,view,sales,pic_url
title,view,sales,pic_url
title,view,sales,pic_url
title,view,sales,pic_url
title,view,sales,pic_url
title,view,sales,pic_url
title,view,sales,pic_url
title,view,sales,pic_url
title,view,sales,pic_url
title,view,sales,pic_url
title,view,sales,pic_url
title,view,sales,pic_url
title,view,sales,pic_url
